hashtag	cluster_C_leader(userID)	relative_frequency_H_C	frequency_H_in_C	frequency_H_overall	count_H_in_C	count_hashtags_in_C	count_H_entire_dataset	count_hashtags_entire_dataset
tuckyorose	 1005846500583321601	628.19	.16	.0002547	1	6	1	3925
russian	 1005846500583321601	18.47	.16	.0086624	1	6	34	3925
moscow	 1005846500583321601	157.00	.16	.0010191	1	6	4	3925
istandwithukraine	 1005846500583321601	41.86	.16	.0038216	1	6	15	3925
slavaukraini	 1005846500583321601	62.80	.16	.0025477	1	6	10	3925
befierce	 1005846500583321601	628.19	.16	.0002547	1	6	1	3925
scottyfrommarketing	 1031000589054828544	78.50	.10	.0012738	1	10	5	3925
putlnplast	 1031000589054828544	78.50	.10	.0012738	1	10	5	3925
ausvotes22	 1031000589054828544	130.83	.10	.0007643	1	10	3	3925
australia	 1031000589054828544	39.25	.10	.0025477	1	10	10	3925
votethemout	 1031000589054828544	98.12	.10	.0010191	1	10	4	3925
lnpdisgrace	 1031000589054828544	39.25	.10	.0025477	1	10	10	3925
solomonislands	 1031000589054828544	392.61	.10	.0002547	1	10	1	3925
alboforpm	 1031000589054828544	8.35	.10	.0119745	1	10	47	3925
auspol	 1031000589054828544	2.13	.10	.0468789	1	10	184	3925
ausvotes	 1031000589054828544	23.78	.20	.0084076	2	10	33	3925
borisjohnsonout	 1073606435580325889	392.54	.20	.0005095	1	5	2	3925
toriesout	 1073606435580325889	78.50	.20	.0025477	1	5	10	3925
johnsonout	 1073606435580325889	15.85	.40	.0252229	2	5	99	3925
private	 1073606435580325889	785.23	.20	.0002547	1	5	1	3925
depop	 1073606435580325889	785.23	.20	.0002547	1	5	1	3925
votingrightsact	 1080844782	137.37	.14	.0010191	1	7	4	3925
votingrightsnow	 1080844782	549.66	.14	.0002547	1	7	1	3925
thursdaythoughts	 1080844782	549.66	.14	.0002547	1	7	1	3925
thursdaymotivation	 1080844782	549.66	.14	.0002547	1	7	1	3925
sinemaendsdemocracy	 1080844782	549.66	.14	.0002547	1	7	1	3925
votingrights	 1080844782	137.37	.42	.0030573	3	7	12	3925
onthisday	 1080844782	549.66	.14	.0002547	1	7	1	3925
covid19	 1094971056358637568	10.06	.20	.0198726	2	10	78	3925
omicron	 1094971056358637568	17.06	.10	.0058598	1	10	23	3925
longcovid	 1094971056358637568	4.46	.10	.0224203	1	10	88	3925
unsafeschools	 1094971056358637568	392.61	.10	.0002547	1	10	1	3925
nowarwithrussia	 1094971056358637568	98.12	.10	.0010191	1	10	4	3925
nowar	 1094971056358637568	87.22	.20	.0022929	2	10	9	3925
metoo	 1094971056358637568	98.12	.10	.0010191	1	10	4	3925
ba2	 1094971056358637568	56.07	.10	.0017834	1	10	7	3925
covid19	 1094971056358637568	10.06	.20	.0198726	2	10	78	3925
zerocovid	 1094971056358637568	130.83	.10	.0007643	1	10	3	3925
เจ้าแก้มก้อน	 1095523459877068800	278.68	.71	.0025477	5	7	10	3925
fluke_natouch	 1095523459877068800	109.90	.14	.0012738	1	7	5	3925
เจ้าแก้มก้อน	 1095523459877068800	278.68	.71	.0025477	5	7	10	3925
ไขมันของเจ้าแก้มก้อน	 1095523459877068800	549.55	.28	.0005095	2	7	2	3925
uwmaseries	 1095523459877068800	549.66	.14	.0002547	1	7	1	3925
เจ้าแก้มก้อน	 1095523459877068800	278.68	.71	.0025477	5	7	10	3925
ไขมันของเจ้าแก้มก้อน	 1095523459877068800	549.55	.28	.0005095	2	7	2	3925
covid19	 1096205507348623360	7.04	.14	.0198726	1	7	78	3925
votefordout2022	 1096205507348623360	36.63	.14	.0038216	1	7	15	3925
votethemallout2022	 1096205507348623360	42.26	.14	.0033121	1	7	13	3925
nevervoteconservative	 1096205507348623360	45.79	.14	.0030573	1	7	12	3925
flutruxklan	 1096205507348623360	91.58	.14	.0015286	1	7	6	3925
tinfoilofthemonth	 1096205507348623360	549.66	.14	.0002547	1	7	1	3925
bcpoli	 1096205507348623360	61.05	.14	.0022929	1	7	9	3925
wetvxohmfluke	 1098819491780153345	78.50	.10	.0012738	1	10	5	3925
609bedtimestory	 1098819491780153345	98.12	.10	.0010191	1	10	4	3925
เจ้าแก้มก้อน	 1098819491780153345	157.00	.40	.0025477	4	10	10	3925
fluke_natouch	 1098819491780153345	235.51	.30	.0012738	3	10	5	3925
เจ้าแก้มก้อน	 1098819491780153345	157.00	.40	.0025477	4	10	10	3925
เจ้าแก้มก้อน	 1098819491780153345	157.00	.40	.0025477	4	10	10	3925
fluke_natouch	 1098819491780153345	235.51	.30	.0012738	3	10	5	3925
เจ้าแก้มก้อน	 1098819491780153345	157.00	.40	.0025477	4	10	10	3925
fluke_natouch	 1098819491780153345	235.51	.30	.0012738	3	10	5	3925
loveat9q22	 1098819491780153345	392.61	.10	.0002547	1	10	1	3925
lemmmmmmrip	 1108565574	26.16	.08	.0030573	2	23	12	3925
auspol	 1108565574	2.77	.13	.0468789	3	23	184	3925
alboforpm	 1108565574	3.34	.04	.0119745	1	23	47	3925
abc730	 1108565574	26.16	.04	.0015286	1	23	6	3925
scottydoesntgivearats	 1108565574	52.33	.04	.0007643	1	23	3	3925
auspol	 1108565574	2.77	.13	.0468789	3	23	184	3925
auspol	 1108565574	2.77	.13	.0468789	3	23	184	3925
morrison	 1108565574	6.03	.04	.0066242	1	23	26	3925
votethemallout2022	 1108565574	12.07	.04	.0033121	1	23	13	3925
livingwithcovid	 1108565574	52.33	.04	.0007643	1	23	3	3925
living	 1108565574	39.25	.08	.0020382	2	23	8	3925
lemmmmmmrip	 1108565574	26.16	.08	.0030573	2	23	12	3925
oz	 1108565574	31.40	.04	.0012738	1	23	5	3925
taxpayer	 1108565574	78.50	.04	.0005095	1	23	2	3925
warfare	 1108565574	157.04	.04	.0002547	1	23	1	3925
schools	 1108565574	19.62	.04	.0020382	1	23	8	3925
lnpdisgrace	 1108565574	15.70	.04	.0025477	1	23	10	3925
insiders	 1108565574	10.46	.04	.0038216	1	23	15	3925
scottydoesnothing	 1108565574	52.33	.04	.0007643	1	23	3	3925
scottythesoooooobag	 1108565574	52.33	.04	.0007643	1	23	3	3925
lnpcorruptionparty	 1108565574	8.72	.04	.0045859	1	23	18	3925
scottythepathologicalliar	 1108565574	11.21	.04	.0035668	1	23	14	3925
ausvotes	 1108565574	4.75	.04	.0084076	1	23	33	3925
agedcare	 1113341312	157.01	.20	.0012738	1	5	5	3925
healthcare	 1113341312	87.22	.20	.0022929	1	5	9	3925
religiousdiscriminationbill	 1113341312	261.67	.20	.0007643	1	5	3	3925
auspol	 1113341312	8.53	.40	.0468789	2	5	184	3925
auspol	 1113341312	8.53	.40	.0468789	2	5	184	3925
loveat9q18	 1117704370630455296	981.54	.25	.0002547	1	4	1	3925
introductionloveat9	 1117704370630455296	490.67	.25	.0005095	1	4	2	3925
โอห์มฟลุ้คฟีเวอร์2021	 1117704370630455296	392.52	.50	.0012738	2	4	5	3925
โอห์มฟลุ้คฟีเวอร์2021	 1117704370630455296	392.52	.50	.0012738	2	4	5	3925
nyc	 1120633726478823425	49.06	.05	.0010191	1	19	4	3925
zelensky	 1120633726478823425	30.19	.10	.0033121	2	19	13	3925
kiew	 1120633726478823425	196.30	.05	.0002547	1	19	1	3925
ukraine	 1120633726478823425	11.52	.47	.0407643	9	19	160	3925
ukrainerussiawar	 1120633726478823425	65.41	.05	.0007643	1	19	3	3925
russia	 1120633726478823425	7.45	.15	.0201273	3	19	79	3925
ukraine	 1120633726478823425	11.52	.47	.0407643	9	19	160	3925
ukraine	 1120633726478823425	11.52	.47	.0407643	9	19	160	3925
tbilisi	 1120633726478823425	196.30	.05	.0002547	1	19	1	3925
georgia	 1120633726478823425	196.30	.05	.0002547	1	19	1	3925
ukraine	 1120633726478823425	11.52	.47	.0407643	9	19	160	3925
zelensky	 1120633726478823425	30.19	.10	.0033121	2	19	13	3925
ukrainian	 1120633726478823425	16.35	.05	.0030573	1	19	12	3925
standwithukraine️	 1120633726478823425	32.70	.05	.0015286	1	19	6	3925
longliveukraine	 1120633726478823425	98.13	.05	.0005095	1	19	2	3925
stoprussia	 1120633726478823425	28.03	.05	.0017834	1	19	7	3925
slavaukraini	 1120633726478823425	19.62	.05	.0025477	1	19	10	3925
standwithukraine	 1120633726478823425	7.00	.10	.0142675	2	19	56	3925
ukraineunderattack	 1120633726478823425	49.06	.05	.0010191	1	19	4	3925
liberalcorruptionparty	 1189799454506799104	981.54	.25	.0002547	1	4	1	3925
nationals	 1189799454506799104	981.54	.25	.0002547	1	4	1	3925
killthebill	 1189799454506799104	981.54	.25	.0002547	1	4	1	3925
religiousdiscriminationbill	 1189799454506799104	327.09	.25	.0007643	1	4	3	3925
rubyprincess	 1218721688738615297	1295.64	.33	.0002547	1	3	1	3925
federalicac	 1218721688738615297	143.92	.33	.0022929	1	3	9	3925
scottytheworstprimeministerever	 1218721688738615297	431.76	.33	.0007643	1	3	3	3925
denmark	 1237314642583658496	91.58	.07	.0007643	1	13	3	3925
omikron	 1237314642583658496	137.38	.07	.0005095	1	13	2	3925
omicron	 1237314642583658496	11.94	.07	.0058598	1	13	23	3925
ba2	 1237314642583658496	39.25	.07	.0017834	1	13	7	3925
endemic	 1237314642583658496	274.83	.07	.0002547	1	13	1	3925
covidelimination	 1237314642583658496	274.83	.07	.0002547	1	13	1	3925
nocovid	 1237314642583658496	274.83	.07	.0002547	1	13	1	3925
zerocovid	 1237314642583658496	91.58	.07	.0007643	1	13	3	3925
covid19	 1237314642583658496	3.52	.07	.0198726	1	13	78	3925
keepmasks	 1237314642583658496	274.83	.07	.0002547	1	13	1	3925
vaccinate	 1237314642583658496	22.89	.07	.0030573	1	13	12	3925
longcovid	 1237314642583658496	3.12	.07	.0224203	1	13	88	3925
hepammmmmmis	 1237314642583658496	274.83	.07	.0002547	1	13	1	3925
murdoch	 1238370241169616897	6.54	.02	.0030573	1	37	12	3925
morrison	 1238370241169616897	7.54	.05	.0066242	2	37	26	3925
joyce	 1238370241169616897	98.13	.05	.0005095	2	37	2	3925
morrison	 1238370241169616897	7.54	.05	.0066242	2	37	26	3925
joyce	 1238370241169616897	98.13	.05	.0005095	2	37	2	3925
abusiveavi	 1238370241169616897	78.52	.02	.0002547	1	37	1	3925
auspol	 1238370241169616897	3.41	.16	.0468789	6	37	184	3925
auspol	 1238370241169616897	3.41	.16	.0468789	6	37	184	3925
lnpdisgrace	 1238370241169616897	7.85	.02	.0025477	1	37	10	3925
ausvotes	 1238370241169616897	11.89	.10	.0084076	4	37	33	3925
auspol	 1238370241169616897	3.41	.16	.0468789	6	37	184	3925
gutlessscomo	 1238370241169616897	104.66	.32	.0030573	12	37	12	3925
gutlessscomo	 1238370241169616897	104.66	.32	.0030573	12	37	12	3925
gutlessscomo	 1238370241169616897	104.66	.32	.0030573	12	37	12	3925
gutlessscomo	 1238370241169616897	104.66	.32	.0030573	12	37	12	3925
gutlessscomo	 1238370241169616897	104.66	.32	.0030573	12	37	12	3925
gutlessscomo	 1238370241169616897	104.66	.32	.0030573	12	37	12	3925
gutlessscomo	 1238370241169616897	104.66	.32	.0030573	12	37	12	3925
gutlessscomo	 1238370241169616897	104.66	.32	.0030573	12	37	12	3925
gutlessscomo	 1238370241169616897	104.66	.32	.0030573	12	37	12	3925
gutlessscomo	 1238370241169616897	104.66	.32	.0030573	12	37	12	3925
gutlessscomo	 1238370241169616897	104.66	.32	.0030573	12	37	12	3925
gutlessscomo	 1238370241169616897	104.66	.32	.0030573	12	37	12	3925
gaffe	 1238370241169616897	78.52	.02	.0002547	1	37	1	3925
alboforpm	 1238370241169616897	6.68	.08	.0119745	3	37	47	3925
ausvotes2022	 1238370241169616897	6.54	.02	.0030573	1	37	12	3925
auspol	 1238370241169616897	3.41	.16	.0468789	6	37	184	3925
ausvotes	 1238370241169616897	11.89	.10	.0084076	4	37	33	3925
alboforpm	 1238370241169616897	6.68	.08	.0119745	3	37	47	3925
alboforpm	 1238370241169616897	6.68	.08	.0119745	3	37	47	3925
cashlesswelfarecard	 1238370241169616897	39.25	.02	.0005095	1	37	2	3925
cashlessdebitcard	 1238370241169616897	78.52	.02	.0002547	1	37	1	3925
election2022	 1238370241169616897	19.62	.02	.0010191	1	37	4	3925
ausvotes	 1238370241169616897	11.89	.10	.0084076	4	37	33	3925
auspol22	 1238370241169616897	39.25	.02	.0005095	1	37	2	3925
auspol	 1238370241169616897	3.41	.16	.0468789	6	37	184	3925
albo4pm	 1238370241169616897	13.08	.02	.0015286	1	37	6	3925
mongol	 1238583088998830081	196.30	.05	.0002547	1	20	1	3925
westandwithukraine	 1238583088998830081	65.41	.05	.0007643	1	20	3	3925
stoprussia	 1238583088998830081	28.03	.05	.0017834	1	20	7	3925
stopwar	 1238583088998830081	98.13	.05	.0005095	1	20	2	3925
stopputin	 1238583088998830081	19.62	.05	.0025477	1	20	10	3925
ukraine	 1238583088998830081	9.81	.40	.0407643	8	20	160	3925
russianoilandgas	 1238583088998830081	196.30	.05	.0002547	1	20	1	3925
shutdownputin	 1238583088998830081	196.30	.05	.0002547	1	20	1	3925
cleanenergy	 1238583088998830081	196.30	.05	.0002547	1	20	1	3925
shutdownoligarchs	 1238583088998830081	196.30	.05	.0002547	1	20	1	3925
russianmilitary	 1238583088998830081	196.30	.05	.0002547	1	20	1	3925
putinswar	 1238583088998830081	32.70	.05	.0015286	1	20	6	3925
russiainvadedukraine	 1238583088998830081	98.13	.05	.0005095	1	20	2	3925
mariupol	 1238583088998830081	39.25	.05	.0012738	1	20	5	3925
standwithukraine	 1238583088998830081	7.00	.10	.0142675	2	20	56	3925
ukraineanimalsneedingrescue	 1238583088998830081	196.30	.05	.0002547	1	20	1	3925
ukraineanimals	 1238583088998830081	196.27	.10	.0005095	2	20	2	3925
ukrainepets	 1238583088998830081	196.30	.05	.0002547	1	20	1	3925
catsofukraine	 1238583088998830081	196.30	.05	.0002547	1	20	1	3925
catsneedingrescue	 1238583088998830081	196.30	.05	.0002547	1	20	1	3925
scomicron	 1238949674989416449	235.52	.12	.0005095	1	8	2	3925
domicrom	 1238949674989416449	471.14	.12	.0002547	1	8	1	3925
covidisairborne	 1238949674989416449	31.40	.12	.0038216	1	8	15	3925
covidisnotover	 1238949674989416449	60.51	.37	.0061146	3	8	24	3925
covidisnotover	 1238949674989416449	60.51	.37	.0061146	3	8	24	3925
covidisnotover	 1238949674989416449	60.51	.37	.0061146	3	8	24	3925
covidisntover	 1238949674989416449	235.52	.12	.0005095	1	8	2	3925
socialmurder	 1238949674989416449	471.14	.12	.0002547	1	8	1	3925
covid19	 1247612029	16.60	.33	.0198726	1	3	78	3925
bidenboom	 1247612029	647.63	.66	.0010191	2	3	4	3925
bidenboom	 1247612029	647.63	.66	.0010191	2	3	4	3925
kochnetwork	 1268223690480615424	70.65	.09	.0012738	1	11	5	3925
covid19	 1268223690480615424	4.52	.09	.0198726	1	11	78	3925
getboosted	 1268223690480615424	117.75	.09	.0007643	1	11	3	3925
russia	 1268223690480615424	4.47	.09	.0201273	1	11	79	3925
ukraine	 1268223690480615424	2.20	.09	.0407643	1	11	160	3925
war	 1268223690480615424	5.04	.09	.0178343	1	11	70	3925
votebluetosaveamerica	 1268223690480615424	44.15	.09	.0020382	1	11	8	3925
expandthecourt	 1268223690480615424	117.75	.09	.0007643	1	11	3	3925
usps	 1268223690480615424	176.64	.09	.0005095	1	11	2	3925
votebluein2022	 1268223690480615424	39.25	.09	.0022929	1	11	9	3925
idahogop	 1268223690480615424	353.35	.09	.0002547	1	11	1	3925
iowa	 1280478731874848769	117.75	.09	.0007643	1	11	3	3925
republicans	 1280478731874848769	70.65	.09	.0012738	1	11	5	3925
ialegislature	 1280478731874848769	353.35	.09	.0002547	1	11	1	3925
valnotmarco	 1280478731874848769	353.35	.09	.0002547	1	11	1	3925
valdemings	 1280478731874848769	176.64	.09	.0005095	1	11	2	3925
florida	 1280478731874848769	58.87	.09	.0015286	1	11	6	3925
bidenstrong	 1280478731874848769	353.35	.09	.0002547	1	11	1	3925
resistance	 1280478731874848769	117.75	.09	.0007643	1	11	3	3925
voteblue2022	 1280478731874848769	50.46	.09	.0017834	1	11	7	3925
votebluetosaveamerica	 1280478731874848769	44.15	.09	.0020382	1	11	8	3925
maskup	 1280478731874848769	50.46	.09	.0017834	1	11	7	3925
wirwollenmaskenpflicht	 1319916075476262914	279.65	.57	.0020382	4	7	8	3925
diemaskebleibtauf	 1319916075476262914	183.17	.42	.0022929	3	7	9	3925
wirwollenmaskenpflicht	 1319916075476262914	279.65	.57	.0020382	4	7	8	3925
diemaskebleibtauf	 1319916075476262914	183.17	.42	.0022929	3	7	9	3925
wirwollenmaskenpflicht	 1319916075476262914	279.65	.57	.0020382	4	7	8	3925
diemaskebleibtauf	 1319916075476262914	183.17	.42	.0022929	3	7	9	3925
wirwollenmaskenpflicht	 1319916075476262914	279.65	.57	.0020382	4	7	8	3925
lauterbachbleibt	 1330859882040463362	122.65	.25	.0020382	2	8	8	3925
dankekarl	 1330859882040463362	117.75	.12	.0010191	1	8	4	3925
lauterbachbleibt	 1330859882040463362	122.65	.25	.0020382	2	8	8	3925
solidaritätmitkarl	 1330859882040463362	235.52	.12	.0005095	1	8	2	3925
diemaskebleibtauf	 1330859882040463362	109.03	.25	.0022929	2	8	9	3925
wirwollenmaskenpflicht	 1330859882040463362	122.65	.25	.0020382	2	8	8	3925
diemaskebleibtauf	 1330859882040463362	109.03	.25	.0022929	2	8	9	3925
wirwollenmaskenpflicht	 1330859882040463362	122.65	.25	.0020382	2	8	8	3925
shamelessselfpromo	 1335983975613939712	117.78	.03	.0002547	1	28	1	3925
horrorcommunity	 1335983975613939712	117.78	.03	.0002547	1	28	1	3925
paranormal	 1335983975613939712	117.78	.03	.0002547	1	28	1	3925
authorsoftwitter	 1335983975613939712	130.83	.10	.0007643	3	28	3	3925
ghoststory	 1335983975613939712	117.78	.03	.0002547	1	28	1	3925
kdp	 1335983975613939712	117.78	.03	.0002547	1	28	1	3925
kindle	 1335983975613939712	130.83	.10	.0007643	3	28	3	3925
writerslift	 1335983975613939712	130.83	.10	.0007643	3	28	3	3925
hauntedhouse	 1335983975613939712	117.78	.03	.0002547	1	28	1	3925
writingcommunity	 1335983975613939712	117.78	.03	.0002547	1	28	1	3925
thrillerbooks	 1335983975613939712	117.78	.03	.0002547	1	28	1	3925
witch	 1335983975613939712	117.78	.03	.0002547	1	28	1	3925
authorsoftwitter	 1335983975613939712	130.83	.10	.0007643	3	28	3	3925
amazon	 1335983975613939712	137.38	.07	.0005095	2	28	2	3925
kindleunlimited	 1335983975613939712	137.38	.07	.0005095	2	28	2	3925
writerslift	 1335983975613939712	130.83	.10	.0007643	3	28	3	3925
poetry	 1335983975613939712	91.58	.07	.0007643	2	28	3	3925
poems	 1335983975613939712	137.38	.07	.0005095	2	28	2	3925
authorsoftwitter	 1335983975613939712	130.83	.10	.0007643	3	28	3	3925
amazon	 1335983975613939712	137.38	.07	.0005095	2	28	2	3925
kindleunlimited	 1335983975613939712	137.38	.07	.0005095	2	28	2	3925
writerslift	 1335983975613939712	130.83	.10	.0007643	3	28	3	3925
poetry	 1335983975613939712	91.58	.07	.0007643	2	28	3	3925
poems	 1335983975613939712	137.38	.07	.0005095	2	28	2	3925
momlife	 1335983975613939712	117.78	.03	.0002547	1	28	1	3925
mentalhealth	 1335983975613939712	117.78	.03	.0002547	1	28	1	3925
blogger	 1335983975613939712	117.78	.03	.0002547	1	28	1	3925
author	 1335983975613939712	109.90	.14	.0012738	4	28	5	3925
iot	 1387010761994682371	6.54	.01	.0015286	1	88	6	3925
helium	 1387010761994682371	39.26	.01	.0002547	1	88	1	3925
hotspot	 1387010761994682371	39.26	.01	.0002547	1	88	1	3925
miner	 1387010761994682371	39.26	.01	.0002547	1	88	1	3925
mesh	 1387010761994682371	39.26	.01	.0002547	1	88	1	3925
cbdc	 1387010761994682371	39.26	.01	.0002547	1	88	1	3925
tether	 1387010761994682371	39.26	.01	.0002547	1	88	1	3925
evergrande	 1387010761994682371	39.26	.01	.0002547	1	88	1	3925
hsbc	 1387010761994682371	39.25	.03	.0007643	3	88	3	3925
ucc	 1387010761994682371	26.16	.02	.0007643	2	88	3	3925
zeolite	 1387010761994682371	39.26	.01	.0002547	1	88	1	3925
truckers	 1387010761994682371	2.80	.01	.0035668	1	88	14	3925
govid	 1387010761994682371	39.26	.01	.0002547	1	88	1	3925
bs	 1387010761994682371	4.36	.01	.0022929	1	88	9	3925
carbondioxide	 1387010761994682371	39.25	.02	.0005095	2	88	2	3925
serco	 1387010761994682371	39.26	.01	.0002547	1	88	1	3925
cheers	 1387010761994682371	39.26	.01	.0002547	1	88	1	3925
carbondioxide	 1387010761994682371	39.25	.02	.0005095	2	88	2	3925
hsbc	 1387010761994682371	39.25	.03	.0007643	3	88	3	3925
uk	 1387010761994682371	1.05	.06	.0570700	6	88	224	3925
legalese	 1387010761994682371	39.26	.01	.0002547	1	88	1	3925
pedoeese	 1387010761994682371	39.26	.01	.0002547	1	88	1	3925
contracts	 1387010761994682371	19.62	.01	.0005095	1	88	2	3925
ucc	 1387010761994682371	26.16	.02	.0007643	2	88	3	3925
voidabinitio	 1387010761994682371	39.26	.01	.0002547	1	88	1	3925
legal	 1387010761994682371	12.66	.10	.0078980	9	88	31	3925
redsheilds	 1387010761994682371	39.26	.01	.0002547	1	88	1	3925
commonlaw	 1387010761994682371	39.25	.02	.0005095	2	88	2	3925
legal	 1387010761994682371	12.66	.10	.0078980	9	88	31	3925
satanic	 1387010761994682371	39.26	.01	.0002547	1	88	1	3925
legaldeathcult	 1387010761994682371	39.26	.01	.0002547	1	88	1	3925
10commandments	 1387010761994682371	39.26	.01	.0002547	1	88	1	3925
kjv	 1387010761994682371	39.26	.01	.0002547	1	88	1	3925
god	 1387010761994682371	19.62	.03	.0015286	3	88	6	3925
idsillegal	 1387010761994682371	3.56	.01	.0028025	1	88	11	3925
bccrss	 1387010761994682371	11.54	.05	.0043312	5	88	17	3925
truthbillboards	 1387010761994682371	7.85	.01	.0012738	1	88	5	3925
legalnamefraud	 1387010761994682371	3.92	.01	.0025477	1	88	10	3925
blackmailed	 1387010761994682371	39.26	.01	.0002547	1	88	1	3925
un	 1387010761994682371	.91	.02	.0219108	2	88	86	3925
bccrss	 1387010761994682371	11.54	.05	.0043312	5	88	17	3925
yourcrosstobear	 1387010761994682371	39.26	.01	.0002547	1	88	1	3925
bccrss	 1387010761994682371	11.54	.05	.0043312	5	88	17	3925
ukraine	 1387010761994682371	.98	.04	.0407643	4	88	160	3925
private	 1387010761994682371	39.26	.01	.0002547	1	88	1	3925
depop	 1387010761994682371	39.26	.01	.0002547	1	88	1	3925
carolwoods	 1387010761994682371	39.26	.01	.0002547	1	88	1	3925
autism	 1387010761994682371	39.26	.01	.0002547	1	88	1	3925
gcmaf	 1387010761994682371	39.26	.01	.0002547	1	88	1	3925
roman	 1387010761994682371	13.08	.01	.0007643	1	88	3	3925
empire	 1387010761994682371	39.26	.01	.0002547	1	88	1	3925
vatieeeeee	 1387010761994682371	39.26	.01	.0002547	1	88	1	3925
cityoflondinium	 1387010761994682371	39.26	.01	.0002547	1	88	1	3925
dcplc	 1387010761994682371	39.26	.01	.0002547	1	88	1	3925
ukraineunderattaсk	 1387010761994682371	39.26	.01	.0002547	1	88	1	3925
ukrainewar	 1387010761994682371	5.60	.01	.0017834	1	88	7	3925
ukrainerussianwar	 1387010761994682371	19.62	.01	.0005095	1	88	2	3925
ukriane	 1387010761994682371	3.56	.01	.0028025	1	88	11	3925
swiss	 1387010761994682371	39.25	.02	.0005095	2	88	2	3925
bees	 1387010761994682371	13.08	.01	.0007643	1	88	3	3925
bis	 1387010761994682371	19.62	.01	.0005095	1	88	2	3925
fed	 1387010761994682371	2.61	.01	.0038216	1	88	15	3925
ecb	 1387010761994682371	19.62	.01	.0005095	1	88	2	3925
boe	 1387010761994682371	19.62	.01	.0005095	1	88	2	3925
hsbc	 1387010761994682371	39.25	.03	.0007643	3	88	3	3925
legal	 1387010761994682371	12.66	.10	.0078980	9	88	31	3925
birthcertificatefraud	 1387010761994682371	19.62	.01	.0005095	1	88	2	3925
maximoflaw	 1387010761994682371	39.26	.01	.0002547	1	88	1	3925
godslaw	 1387010761994682371	39.25	.02	.0005095	2	88	2	3925
commonlaw	 1387010761994682371	39.25	.02	.0005095	2	88	2	3925
bccrss	 1387010761994682371	11.54	.05	.0043312	5	88	17	3925
bccrss	 1387010761994682371	11.54	.05	.0043312	5	88	17	3925
protectthechildren	 1387010761994682371	19.62	.01	.0005095	1	88	2	3925
ct	 1387010761994682371	1.40	.03	.0214012	3	88	84	3925
map	 1387010761994682371	19.62	.01	.0005095	1	88	2	3925
catch22	 1387010761994682371	19.62	.01	.0005095	1	88	2	3925
warning	 1387010761994682371	39.26	.01	.0002547	1	88	1	3925
legalisillegal	 1387010761994682371	19.62	.01	.0005095	1	88	2	3925
legalisnotlaw	 1387010761994682371	19.62	.01	.0005095	1	88	2	3925
lawoftheland	 1387010761994682371	39.26	.01	.0002547	1	88	1	3925
godslaw	 1387010761994682371	39.25	.02	.0005095	2	88	2	3925
colouroflaw	 1387010761994682371	39.26	.01	.0002547	1	88	1	3925
commerce	 1387010761994682371	39.26	.01	.0002547	1	88	1	3925
admiraltylaw	 1387010761994682371	39.26	.01	.0002547	1	88	1	3925
btc	 1387010761994682371	39.26	.01	.0002547	1	88	1	3925
elon	 1387010761994682371	7.85	.01	.0012738	1	88	5	3925
swissbankcoin	 1387010761994682371	39.26	.01	.0002547	1	88	1	3925
nowayhosai	 1387010761994682371	39.26	.01	.0002547	1	88	1	3925
longcovid	 139109800	29.43	.66	.0224203	4	6	88	3925
longcovid	 139109800	29.43	.66	.0224203	4	6	88	3925
childtaxcredit	 139109800	628.19	.16	.0002547	1	6	1	3925
longcovid	 139109800	29.43	.66	.0224203	4	6	88	3925
treatlongcovid	 139109800	209.34	.16	.0007643	1	6	3	3925
urgencyofebola	 139109800	628.19	.16	.0002547	1	6	1	3925
carrieantoinette	 14157134	981.54	.25	.0002547	1	4	1	3925
suegrayreport	 14157134	490.67	.25	.0005095	1	4	2	3925
partygate	 14157134	57.72	.25	.0043312	1	4	17	3925
pmqs	 14157134	245.31	.25	.0010191	1	4	4	3925
covid19	 1421835080813666306	12.58	.25	.0198726	1	4	78	3925
nicolasturgeon	 1421835080813666306	981.54	.25	.0002547	1	4	1	3925
covid	 1421835080813666306	11.19	.75	.0670063	3	4	263	3925
covidisnotover	 1421835080813666306	40.88	.25	.0061146	1	4	24	3925
getvaccinatednow	 14247236	130.83	.20	.0015286	1	5	6	3925
betofortexas	 14247236	112.14	.20	.0017834	1	5	7	3925
thethingswedoforlove	 14247236	785.23	.20	.0002547	1	5	1	3925
covidisnotover	 14247236	32.70	.20	.0061146	1	5	24	3925
gqp	 14247236	130.83	.20	.0015286	1	5	6	3925
johnsonouttoday	 14281853	981.54	.25	.0002547	1	4	1	3925
torysoooooo	 14281853	490.67	.25	.0005095	1	4	2	3925
johnsonout7	 14281853	245.31	.25	.0010191	1	4	4	3925
cpsc22	 14281853	981.54	.25	.0002547	1	4	1	3925
gottaloveher	 145499533	1295.64	.33	.0002547	1	3	1	3925
maryjblige	 145499533	1295.64	.33	.0002547	1	3	1	3925
legends	 145499533	1295.64	.33	.0002547	1	3	1	3925
lauterbachbleibt	 1460176204363972613	147.18	.30	.0020382	3	10	8	3925
lauterbachbleibt	 1460176204363972613	147.18	.30	.0020382	3	10	8	3925
lauterbachbleibt	 1460176204363972613	147.18	.30	.0020382	3	10	8	3925
diemaskebleibtauf	 1460176204363972613	87.22	.20	.0022929	2	10	9	3925
dievernunftsiegt	 1460176204363972613	392.61	.10	.0002547	1	10	1	3925
teamzuversicht	 1460176204363972613	392.61	.10	.0002547	1	10	1	3925
teamwissenschaft	 1460176204363972613	392.61	.10	.0002547	1	10	1	3925
teamlauterbach	 1460176204363972613	392.61	.10	.0002547	1	10	1	3925
wirwollenmaskenpflicht	 1460176204363972613	49.06	.10	.0020382	1	10	8	3925
diemaskebleibtauf	 1460176204363972613	87.22	.20	.0022929	2	10	9	3925
westandwithukraine	 1462548977367359490	39.25	.03	.0007643	1	26	3	3925
poland	 1462548977367359490	29.43	.03	.0010191	1	26	4	3925
slavaukranie	 1462548977367359490	117.78	.03	.0002547	1	26	1	3925
standwithukraine	 1462548977367359490	13.31	.19	.0142675	5	26	56	3925
standwithukraine️	 1462548977367359490	19.62	.03	.0015286	1	26	6	3925
zelensky	 1462548977367359490	9.05	.03	.0033121	1	26	13	3925
ukraine	 1462548977367359490	10.30	.42	.0407643	11	26	160	3925
russia	 1462548977367359490	3.47	.07	.0201273	2	26	79	3925
europe	 1462548977367359490	117.78	.03	.0002547	1	26	1	3925
russian	 1462548977367359490	3.46	.03	.0086624	1	26	34	3925
unitedwithukraine	 1462548977367359490	58.88	.03	.0005095	1	26	2	3925
stopputin	 1462548977367359490	27.47	.07	.0025477	2	26	10	3925
ligadeguerreros	 1462548977367359490	117.78	.03	.0002547	1	26	1	3925
glorytoukraine	 1462548977367359490	117.78	.03	.0002547	1	26	1	3925
slavaukraini	 1462548977367359490	11.77	.03	.0025477	1	26	10	3925
ukrainewillprevail	 1462548977367359490	117.78	.03	.0002547	1	26	1	3925
ukraine	 1462548977367359490	10.30	.42	.0407643	11	26	160	3925
standwithukraine	 1462548977367359490	13.31	.19	.0142675	5	26	56	3925
prayforukraine	 1462548977367359490	39.25	.03	.0007643	1	26	3	3925
stopputin	 1462548977367359490	27.47	.07	.0025477	2	26	10	3925
warcrimes	 1462548977367359490	23.55	.03	.0012738	1	26	5	3925
genocide	 1462548977367359490	19.62	.03	.0015286	1	26	6	3925
standwithukraine	 1462548977367359490	13.31	.19	.0142675	5	26	56	3925
friends	 1462548977367359490	117.78	.03	.0002547	1	26	1	3925
nato	 1462548977367359490	10.70	.03	.0028025	1	26	11	3925
intlcrimcourt	 1462548977367359490	117.78	.03	.0002547	1	26	1	3925
auspol	 14707794	7.03	.33	.0468789	1	3	184	3925
prayerroom	 14707794	215.88	.33	.0015286	1	3	6	3925
theweekly	 14707794	1295.64	.33	.0002547	1	3	1	3925
dajshadoll	 1471037967926018051	785.23	.20	.0002547	1	5	1	3925
dowehaveaproblem	 1471037967926018051	261.67	.20	.0007643	1	5	3	3925
neonazi	 1471037967926018051	785.23	.20	.0002547	1	5	1	3925
ukraine	 1471037967926018051	4.90	.20	.0407643	1	5	160	3925
britneyspears	 1471037967926018051	785.23	.20	.0002547	1	5	1	3925
me	 15480566	6.34	.33	.0519745	2	6	204	3925
longcovid	 15480566	29.43	.66	.0224203	4	6	88	3925
longcovid	 15480566	29.43	.66	.0224203	4	6	88	3925
mecfs	 15480566	89.71	.16	.0017834	1	6	7	3925
longcovid	 15480566	29.43	.66	.0224203	4	6	88	3925
longcovid	 15480566	29.43	.66	.0224203	4	6	88	3925
scotusstench	 15801906	235.52	.12	.0005095	1	8	2	3925
spotify	 15801906	117.75	.12	.0010191	1	8	4	3925
seizechelsea	 15801906	471.14	.12	.0002547	1	8	1	3925
demvoice1	 15801906	39.25	.12	.0030573	1	8	12	3925
seizetheyachts	 15801906	471.14	.12	.0002547	1	8	1	3925
benghazi	 15801906	471.14	.12	.0002547	1	8	1	3925
votemtgout	 15801906	471.14	.12	.0002547	1	8	1	3925
lockherup	 15801906	471.14	.12	.0002547	1	8	1	3925
lnpcorruptionparty	 159021888	30.52	.14	.0045859	1	7	18	3925
uselesslnp	 159021888	549.66	.14	.0002547	1	7	1	3925
uselesspm	 159021888	549.66	.14	.0002547	1	7	1	3925
calltheelectionffffffhead	 159021888	549.66	.14	.0002547	1	7	1	3925
qanda	 159021888	78.50	.14	.0017834	1	7	7	3925
auspol	 159021888	2.98	.14	.0468789	1	7	184	3925
australia	 159021888	54.95	.14	.0025477	1	7	10	3925
standwithukriane	 163018653	98.12	.25	.0025477	1	4	10	3925
slavaukraine	 163018653	327.09	.25	.0007643	1	4	3	3925
bucha	 163018653	327.09	.25	.0007643	1	4	3	3925
standwithukraine	 163018653	17.52	.25	.0142675	1	4	56	3925
fredvanvleet	 178580925	392.54	.20	.0005095	2	10	2	3925
nbaaiistar	 178580925	392.61	.10	.0002547	1	10	1	3925
zachlavine	 178580925	392.61	.10	.0002547	1	10	1	3925
nbaallstar	 178580925	392.51	.30	.0007643	3	10	3	3925
wethenorth	 178580925	392.61	.10	.0002547	1	10	1	3925
fredvanvleet	 178580925	392.54	.20	.0005095	2	10	2	3925
nbaallstar	 178580925	392.51	.30	.0007643	3	10	3	3925
big12	 178580925	392.61	.10	.0002547	1	10	1	3925
jamorant	 178580925	392.61	.10	.0002547	1	10	1	3925
nbaallstar	 178580925	392.51	.30	.0007643	3	10	3	3925
treatlongcovid	 18831926	52.33	.04	.0007643	1	21	3	3925
viruses	 18831926	157.04	.04	.0002547	1	21	1	3925
death	 18831926	9.81	.04	.0040764	1	21	16	3925
cancers	 18831926	78.50	.04	.0005095	1	21	2	3925
autoimmuneconditions	 18831926	157.04	.04	.0002547	1	21	1	3925
epsteinbarrvirus	 18831926	157.04	.04	.0002547	1	21	1	3925
multiplesclerosis	 18831926	78.50	.04	.0005095	1	21	2	3925
brain	 18831926	78.50	.04	.0005095	1	21	2	3925
spinalcord	 18831926	157.04	.04	.0002547	1	21	1	3925
covid	 18831926	2.83	.19	.0670063	4	21	263	3925
deletespotify	 18831926	78.50	.04	.0005095	1	21	2	3925
denmark	 18831926	52.33	.04	.0007643	1	21	3	3925
pfizer	 18831926	52.33	.04	.0007643	1	21	3	3925
standwithukraine	 18831926	2.80	.04	.0142675	1	21	56	3925
ba2	 18831926	22.42	.04	.0017834	1	21	7	3925
covid19	 18831926	2.01	.04	.0198726	1	21	78	3925
zerocovid	 18831926	52.33	.04	.0007643	1	21	3	3925
boycottcbs	 18831926	157.04	.04	.0002547	1	21	1	3925
trump	 18831926	3.73	.04	.0107006	1	21	42	3925
rightwing	 18831926	157.04	.04	.0002547	1	21	1	3925
maskup	 18831926	22.42	.04	.0017834	1	21	7	3925
merrickgarland	 19084896	259.06	.33	.0012738	1	3	5	3925
Яepublicantraitors	 19084896	1295.64	.33	.0002547	1	3	1	3925
goptherussianparty	 19084896	431.76	.33	.0007643	1	3	3	3925
shameonrebuplicans	 19739126	235.57	.06	.0002547	1	15	1	3925
shameonmccarthy	 19739126	235.57	.06	.0002547	1	15	1	3925
kevinmccarthyisathreattoamericandemocracy	 19739126	235.57	.06	.0002547	1	15	1	3925
votingrightsact	 19739126	58.87	.06	.0010191	1	15	4	3925
ushistory	 19739126	170.09	.13	.0007643	2	15	3	3925
votingrights	 19739126	42.52	.13	.0030573	2	15	12	3925
ushistory	 19739126	170.09	.13	.0007643	2	15	3	3925
lockhimup	 19739126	235.57	.06	.0002547	1	15	1	3925
kevinmccarthyresign	 19739126	235.57	.06	.0002547	1	15	1	3925
kevinmccarthylowlif	 19739126	235.57	.06	.0002547	1	15	1	3925
mccarthyisaweakman	 19739126	235.57	.06	.0002547	1	15	1	3925
insurrectionist	 19739126	235.57	.06	.0002547	1	15	1	3925
insurrectionhasconsequences	 19739126	235.57	.06	.0002547	1	15	1	3925
trumpcoupattempt	 19739126	78.50	.06	.0007643	1	15	3	3925
republicansaretraitors	 19739126	235.57	.06	.0002547	1	15	1	3925
covid	 20052899	11.19	.75	.0670063	3	4	263	3925
longcovid	 20052899	22.30	.50	.0224203	2	4	88	3925
researchlongcovid	 20052899	981.54	.25	.0002547	1	4	1	3925
getmaskednow	 20052899	981.54	.25	.0002547	1	4	1	3925
alboforpm	 20559705	13.36	.16	.0119745	1	6	47	3925
lnpfail	 20559705	185.03	.33	.0017834	2	6	7	3925
lnpdisgrace	 20559705	62.80	.16	.0025477	1	6	10	3925
lnpfail	 20559705	185.03	.33	.0017834	2	6	7	3925
auspol	 20559705	3.41	.16	.0468789	1	6	184	3925
australia	 20559705	62.80	.16	.0025477	1	6	10	3925
johnsonout11	 20995648	392.61	.10	.0002547	1	10	1	3925
brexit	 20995648	15.09	.10	.0066242	1	10	26	3925
eu	 20995648	10.06	.10	.0099363	1	10	39	3925
ukraine	 20995648	2.45	.10	.0407643	1	10	160	3925
rwanda	 20995648	392.61	.10	.0002547	1	10	1	3925
deadcat	 20995648	392.61	.10	.0002547	1	10	1	3925
partygatefines	 20995648	392.61	.10	.0002547	1	10	1	3925
ge2024	 20995648	196.27	.10	.0005095	1	10	2	3925
lbc	 20995648	392.61	.10	.0002547	1	10	1	3925
wato	 20995648	392.61	.10	.0002547	1	10	1	3925
ableg	 21525682	92.23	.47	.0050955	10	21	20	3925
ableg	 21525682	92.23	.47	.0050955	10	21	20	3925
abed	 21525682	52.33	.04	.0007643	1	21	3	3925
ableg	 21525682	92.23	.47	.0050955	10	21	20	3925
ableg	 21525682	92.23	.47	.0050955	10	21	20	3925
abpoli	 21525682	49.95	.14	.0028025	3	21	11	3925
ableg	 21525682	92.23	.47	.0050955	10	21	20	3925
resignkenney	 21525682	78.50	.04	.0005095	1	21	2	3925
ableg	 21525682	92.23	.47	.0050955	10	21	20	3925
coutts	 21525682	78.50	.04	.0005095	1	21	2	3925
alberta	 21525682	78.50	.04	.0005095	1	21	2	3925
abpoli	 21525682	49.95	.14	.0028025	3	21	11	3925
ableg	 21525682	92.23	.47	.0050955	10	21	20	3925
ableg	 21525682	92.23	.47	.0050955	10	21	20	3925
fireucp	 21525682	157.04	.04	.0002547	1	21	1	3925
firetheucp	 21525682	39.25	.04	.0010191	1	21	4	3925
ableg	 21525682	92.23	.47	.0050955	10	21	20	3925
abpoli	 21525682	49.95	.14	.0028025	3	21	11	3925
ableg	 21525682	92.23	.47	.0050955	10	21	20	3925
yeg	 21525682	157.04	.04	.0002547	1	21	1	3925
yyc	 21525682	19.62	.04	.0020382	1	21	8	3925
bancongressionalstock	 22187085	628.19	.16	.0002547	1	6	1	3925
boycottwalgreens	 22187085	314.03	.16	.0005095	1	6	2	3925
ukraine	 22187085	3.92	.16	.0407643	1	6	160	3925
istandwithukriane	 22187085	209.34	.16	.0007643	1	6	3	3925
theview	 22187085	209.34	.16	.0007643	1	6	3	3925
freshvoicesrise	 22187085	628.19	.16	.0002547	1	6	1	3925
freerats	 2227646515	392.54	.20	.0005095	1	5	2	3925
lemmmmmmripdom	 2227646515	392.54	.20	.0005095	1	5	2	3925
lnpdeathcult	 2227646515	130.83	.20	.0015286	1	5	6	3925
lnpcorruptionparty	 2227646515	43.61	.20	.0045859	1	5	18	3925
lnpdisgrace	 2227646515	78.50	.20	.0025477	1	5	10	3925
scottyfrommarketing	 225779417	78.50	.10	.0012738	1	10	5	3925
rats	 225779417	23.08	.10	.0043312	1	10	17	3925
vaccine	 225779417	32.70	.10	.0030573	1	10	12	3925
pm	 225779417	10.75	.20	.0185987	2	10	73	3925
completepsycho	 225779417	157.01	.20	.0012738	2	10	5	3925
scottythecompletepsycho	 225779417	98.12	.10	.0010191	1	10	4	3925
scottythecreep	 225779417	392.61	.10	.0002547	1	10	1	3925
toxicscotty	 225779417	392.61	.10	.0002547	1	10	1	3925
alboforpm	 225779417	8.35	.10	.0119745	1	10	47	3925
vote1labor	 225779417	43.61	.10	.0022929	1	10	9	3925
bigot	 234694571	981.54	.25	.0002547	1	4	1	3925
toriesunfittogovern	 234694571	490.67	.25	.0005095	1	4	2	3925
johnsonout30	 234694571	981.54	.25	.0002547	1	4	1	3925
proportionalrepresentation	 234694571	981.54	.25	.0002547	1	4	1	3925
auspol	 254515782	8.95	.42	.0468789	3	7	184	3925
alboforpm	 254515782	35.07	.42	.0119745	3	7	47	3925
auspol	 254515782	8.95	.42	.0468789	3	7	184	3925
alboforpm	 254515782	35.07	.42	.0119745	3	7	47	3925
auspol	 254515782	8.95	.42	.0468789	3	7	184	3925
insiders	 254515782	36.63	.14	.0038216	1	7	15	3925
alboforpm	 254515782	35.07	.42	.0119745	3	7	47	3925
scottydoesntgivearats	 255369151	157.00	.12	.0007643	1	8	3	3925
auspol	 255369151	2.55	.12	.0468789	1	8	184	3925
mrspeakermrspeakermrspeakermrspeaker	 255369151	471.14	.12	.0002547	1	8	1	3925
morrison	 255369151	18.11	.12	.0066242	1	8	26	3925
bootlnpout	 255369151	471.14	.12	.0002547	1	8	1	3925
2022election	 255369151	471.14	.12	.0002547	1	8	1	3925
votelabor	 255369151	471.14	.12	.0002547	1	8	1	3925
alboforpm	 255369151	10.02	.12	.0119745	1	8	47	3925
mitchmcconnell	 255812611	628.19	.16	.0002547	1	6	1	3925
merrickgarland	 255812611	259.06	.33	.0012738	2	6	5	3925
firemerrickgarland	 255812611	628.19	.16	.0002547	1	6	1	3925
cityonfire	 255812611	314.03	.16	.0005095	1	6	2	3925
votebluetosaveamerica	 255812611	78.50	.16	.0020382	1	6	8	3925
followmedon	 255812611	628.19	.16	.0002547	1	6	1	3925
auspol	 2608740770	4.90	.23	.0468789	3	13	184	3925
nswpol	 2608740770	91.58	.07	.0007643	1	13	3	3925
tamepunk	 2608740770	274.83	.07	.0002547	1	13	1	3925
istandwithgrace	 2608740770	274.83	.07	.0002547	1	13	1	3925
alboforpm	 2608740770	12.52	.15	.0119745	2	13	47	3925
lnpcrimefamily	 2608740770	39.25	.07	.0017834	1	13	7	3925
endometriosis	 2608740770	274.83	.07	.0002547	1	13	1	3925
auspol	 2608740770	4.90	.23	.0468789	3	13	184	3925
journalismmatters	 2608740770	274.83	.07	.0002547	1	13	1	3925
scottyfromcorruption	 2608740770	274.83	.07	.0002547	1	13	1	3925
scottythepathologicalliar	 2608740770	19.62	.07	.0035668	1	13	14	3925
alboforpm	 2608740770	12.52	.15	.0119745	2	13	47	3925
auspol	 2608740770	4.90	.23	.0468789	3	13	184	3925
4corners	 2615581908	392.61	.10	.0002547	1	10	1	3925
auspol	 2615581908	6.39	.30	.0468789	3	10	184	3925
qanda	 2615581908	168.21	.30	.0017834	3	10	7	3925
qanda	 2615581908	168.21	.30	.0017834	3	10	7	3925
auspol	 2615581908	6.39	.30	.0468789	3	10	184	3925
parkhotelrefugees	 2615581908	392.61	.10	.0002547	1	10	1	3925
qanda	 2615581908	168.21	.30	.0017834	3	10	7	3925
thisisnotjournalism	 2615581908	78.50	.10	.0012738	1	10	5	3925
auspol	 2615581908	6.39	.30	.0468789	3	10	184	3925
qt	 2615581908	130.83	.10	.0007643	1	10	3	3925
johnsonout14	 26217297	157.04	.04	.0002547	1	22	1	3925
johnsonout19	 26217297	78.50	.04	.0005095	1	22	2	3925
johnsonout20	 26217297	39.25	.04	.0010191	1	22	4	3925
johnsonout22	 26217297	157.04	.04	.0002547	1	22	1	3925
protectnhs	 26217297	157.04	.04	.0002547	1	22	1	3925
johnsonout_23	 26217297	176.62	.18	.0010191	4	22	4	3925
johnsonout_23	 26217297	176.62	.18	.0010191	4	22	4	3925
johnsonout_23	 26217297	176.62	.18	.0010191	4	22	4	3925
johnsonout_23	 26217297	176.62	.18	.0010191	4	22	4	3925
johnsonoutday25	 26217297	176.62	.36	.0020382	8	22	8	3925
johnsonoutday25	 26217297	176.62	.36	.0020382	8	22	8	3925
johnsonoutday25	 26217297	176.62	.36	.0020382	8	22	8	3925
johnsonoutday25	 26217297	176.62	.36	.0020382	8	22	8	3925
johnsonoutday25	 26217297	176.62	.36	.0020382	8	22	8	3925
johnsonoutday25	 26217297	176.62	.36	.0020382	8	22	8	3925
johnsonoutday25	 26217297	176.62	.36	.0020382	8	22	8	3925
johnsonoutday_25	 26217297	176.64	.09	.0005095	2	22	2	3925
johnsonout25	 26217297	176.64	.09	.0005095	2	22	2	3925
johnsonoutday25	 26217297	176.62	.36	.0020382	8	22	8	3925
johnsonoutday_25	 26217297	176.64	.09	.0005095	2	22	2	3925
johnsonout25	 26217297	176.64	.09	.0005095	2	22	2	3925
johnsonout26	 26217297	78.50	.04	.0005095	1	22	2	3925
russia	 262219168	7.45	.15	.0201273	2	13	79	3925
ukraine	 262219168	7.35	.30	.0407643	4	13	160	3925
russianforces	 262219168	274.83	.07	.0002547	1	13	1	3925
noflyzoneoverukraine	 262219168	274.83	.07	.0002547	1	13	1	3925
closetheskyoverukraine	 262219168	274.83	.07	.0002547	1	13	1	3925
standwithukraine️	 262219168	45.79	.07	.0015286	1	13	6	3925
stopputinnow	 262219168	137.38	.07	.0005095	1	13	2	3925
donetsk	 262219168	294.40	.15	.0005095	2	13	2	3925
donetsk	 262219168	294.40	.15	.0005095	2	13	2	3925
ukrainian	 262219168	49.06	.15	.0030573	2	13	12	3925
slavaukrainii	 262219168	274.83	.07	.0002547	1	13	1	3925
slavazelenskyy	 262219168	274.83	.07	.0002547	1	13	1	3925
genocideofukrainians	 262219168	274.83	.07	.0002547	1	13	1	3925
thankyoujoe	 27493883	785.03	.60	.0007643	3	5	3	3925
thankyoujoe	 27493883	785.03	.60	.0007643	3	5	3	3925
thankyoujoe	 27493883	785.03	.60	.0007643	3	5	3	3925
impeachmentone	 27493883	785.23	.20	.0002547	1	5	1	3925
deutschebank	 27493883	785.23	.20	.0002547	1	5	1	3925
morrison	 2768501	13.58	.09	.0066242	1	11	26	3925
lemmmmmmrip	 2768501	29.43	.09	.0030573	1	11	12	3925
livingwithcovid	 2768501	117.75	.09	.0007643	1	11	3	3925
wa	 2768501	3.04	.09	.0295541	1	11	116	3925
thisisnotjournalism	 2768501	70.65	.09	.0012738	1	11	5	3925
lnpdeathcult	 2768501	58.87	.09	.0015286	1	11	6	3925
auspol	 2768501	1.91	.09	.0468789	1	11	184	3925
trilliondollarscotty	 2768501	353.35	.09	.0002547	1	11	1	3925
scottythefailure	 2768501	70.65	.09	.0012738	1	11	5	3925
prayerroom	 2768501	58.87	.09	.0015286	1	11	6	3925
longcovid	 2768501	4.01	.09	.0224203	1	11	88	3925
votefordout2022	 2809959174	54.95	.21	.0038216	3	14	15	3925
fordfailedkids	 2809959174	274.83	.07	.0002547	1	14	1	3925
fordfailedontario	 2809959174	91.58	.07	.0007643	1	14	3	3925
fordfailedottawa	 2809959174	274.83	.07	.0002547	1	14	1	3925
onpoli	 2809959174	78.50	.14	.0017834	2	14	7	3925
whereisdougford	 2809959174	274.83	.07	.0002547	1	14	1	3925
ltc	 2809959174	137.38	.07	.0005095	1	14	2	3925
donothingdoug	 2809959174	274.83	.07	.0002547	1	14	1	3925
votefordout2022	 2809959174	54.95	.21	.0038216	3	14	15	3925
votefordout2022	 2809959174	54.95	.21	.0038216	3	14	15	3925
repealbill124	 2809959174	91.58	.07	.0007643	1	14	3	3925
onpoli	 2809959174	78.50	.14	.0017834	2	14	7	3925
healthcare	 2809959174	30.52	.07	.0022929	1	14	9	3925
nursing	 2809959174	274.83	.07	.0002547	1	14	1	3925
minimumwage	 288277167	628.19	.16	.0002547	1	6	1	3925
wealth	 288277167	628.19	.16	.0002547	1	6	1	3925
lindseygraham	 288277167	628.19	.16	.0002547	1	6	1	3925
katanjibrownjackson	 288277167	628.19	.16	.0002547	1	6	1	3925
corruptgop	 288277167	209.34	.16	.0007643	1	6	3	3925
rip	 288277167	29.90	.16	.0053503	1	6	21	3925
wethepeople	 2885493519	130.83	.10	.0007643	1	10	3	3925
istandwithukraine	 2885493519	26.16	.10	.0038216	1	10	15	3925
stoprussianaggression	 2885493519	196.27	.10	.0005095	1	10	2	3925
stoprussianinvasion	 2885493519	392.61	.10	.0002547	1	10	1	3925
standwithukraine	 2885493519	21.02	.30	.0142675	3	10	56	3925
standwithukraine	 2885493519	21.02	.30	.0142675	3	10	56	3925
kiev	 2885493519	392.61	.10	.0002547	1	10	1	3925
ukraina	 2885493519	196.27	.10	.0005095	1	10	2	3925
russia	 2885493519	14.90	.30	.0201273	3	10	79	3925
ukrainestrong	 2885493519	196.27	.10	.0005095	1	10	2	3925
lisashaw	 29447428	39.26	.01	.0002547	1	66	1	3925
vitt	 29447428	31.40	.04	.0012738	3	66	5	3925
boycottfaroeislands	 29447428	39.26	.01	.0002547	1	66	1	3925
stopthegrind	 29447428	39.25	.03	.0007643	2	66	3	3925
stopthegrind	 29447428	39.25	.03	.0007643	2	66	3	3925
happynewyear	 29447428	58.87	.06	.0010191	4	66	4	3925
happynewyear2022	 29447428	52.33	.04	.0007643	3	66	3	3925
bbc	 29447428	3.56	.01	.0028025	1	66	11	3925
history	 29447428	7.85	.01	.0012738	1	66	5	3925
happynewyear2022	 29447428	52.33	.04	.0007643	3	66	3	3925
triplejabbed	 29447428	39.26	.01	.0002547	1	66	1	3925
veryconfused	 29447428	39.26	.01	.0002547	1	66	1	3925
happynewyear2022	 29447428	52.33	.04	.0007643	3	66	3	3925
news	 29447428	2.61	.01	.0038216	1	66	15	3925
downingstreetparty	 29447428	39.26	.01	.0002547	1	66	1	3925
borisjohnson	 29447428	14.71	.03	.0020382	2	66	8	3925
mondaymotivation	 29447428	39.26	.01	.0002547	1	66	1	3925
rip	 29447428	5.60	.03	.0053503	2	66	21	3925
rave	 29447428	13.08	.01	.0007643	1	66	3	3925
welshnationalchart	 29447428	39.26	.01	.0002547	1	66	1	3925
r5	 29447428	13.08	.01	.0007643	1	66	3	3925
neverforgemmmmmm	 29447428	39.26	.01	.0002547	1	66	1	3925
bruxelles	 29447428	39.26	.01	.0002547	1	66	1	3925
bru2301	 29447428	58.88	.03	.0005095	2	66	2	3925
bru2301	 29447428	58.88	.03	.0005095	2	66	2	3925
polizeigewalt	 29447428	39.26	.01	.0002547	1	66	1	3925
borisjohnson	 29447428	14.71	.03	.0020382	2	66	8	3925
downingstreetparties	 29447428	39.26	.01	.0002547	1	66	1	3925
rare	 29447428	39.26	.01	.0002547	1	66	1	3925
nhsheroes	 29447428	39.26	.01	.0002547	1	66	1	3925
vitt	 29447428	31.40	.04	.0012738	3	66	5	3925
together	 29447428	6.54	.01	.0015286	1	66	6	3925
pfizer	 29447428	13.08	.01	.0007643	1	66	3	3925
war	 29447428	.56	.01	.0178343	1	66	70	3925
torquay	 29447428	39.26	.01	.0002547	1	66	1	3925
englishriviera	 29447428	39.26	.01	.0002547	1	66	1	3925
devon	 29447428	39.26	.01	.0002547	1	66	1	3925
uk	 29447428	.70	.04	.0570700	3	66	224	3925
organic	 29447428	58.88	.03	.0005095	2	66	2	3925
newhusband	 29447428	58.88	.03	.0005095	2	66	2	3925
vaccinesideeffect	 29447428	19.62	.01	.0005095	1	66	2	3925
london	 29447428	13.08	.01	.0007643	1	66	3	3925
uk	 29447428	.70	.04	.0570700	3	66	224	3925
britain	 29447428	19.62	.01	.0005095	1	66	2	3925
fullmoon	 29447428	58.88	.03	.0005095	2	66	2	3925
astronomy	 29447428	39.26	.01	.0002547	1	66	1	3925
astrology	 29447428	39.26	.01	.0002547	1	66	1	3925
fullmoon	 29447428	58.88	.03	.0005095	2	66	2	3925
ukraine	 29447428	.24	.01	.0407643	1	66	160	3925
chelsea	 29447428	19.62	.01	.0005095	1	66	2	3925
organic	 29447428	58.88	.03	.0005095	2	66	2	3925
turmeric	 29447428	39.26	.01	.0002547	1	66	1	3925
ginger	 29447428	39.26	.01	.0002547	1	66	1	3925
goodhealth	 29447428	39.26	.01	.0002547	1	66	1	3925
vitt	 29447428	31.40	.04	.0012738	3	66	5	3925
empathy	 29447428	19.62	.01	.0005095	1	66	2	3925
penyfan	 29447428	39.26	.01	.0002547	1	66	1	3925
newhusband	 29447428	58.88	.03	.0005095	2	66	2	3925
covid	 29447428	.44	.03	.0670063	2	66	263	3925
grammmmmmude	 29447428	39.26	.01	.0002547	1	66	1	3925
vaxzevria	 29447428	39.26	.01	.0002547	1	66	1	3925
astrazeneca	 29447428	19.62	.01	.0005095	1	66	2	3925
gregpearson	 29447428	39.26	.01	.0002547	1	66	1	3925
usa	 29447428	3.27	.01	.0030573	1	66	12	3925
covid	 29447428	.44	.03	.0670063	2	66	263	3925
respect	 29447428	6.54	.01	.0015286	1	66	6	3925
lockdowns	 307755781	490.67	.25	.0005095	1	4	2	3925
pandemic	 307755781	327.09	.25	.0007643	1	4	3	3925
auspol	 307755781	5.33	.25	.0468789	1	4	184	3925
fedicac	 307755781	245.31	.25	.0010191	1	4	4	3925
dontlookup	 30844417	490.67	.25	.0005095	1	4	2	3925
ableism	 30844417	981.54	.25	.0002547	1	4	1	3925
covid19	 30844417	12.58	.25	.0198726	1	4	78	3925
longcovid	 30844417	11.15	.25	.0224203	1	4	88	3925
johnsonout9	 3131144855	143.92	.11	.0007643	1	9	3	3925
toryrussianmoney	 3131144855	287.84	.22	.0007643	2	9	3	3925
brexitshambles	 3131144855	431.88	.11	.0002547	1	9	1	3925
brexitdisaster	 3131144855	215.89	.11	.0005095	1	9	2	3925
johnsonthecorruptpm	 3131144855	143.92	.11	.0007643	1	9	3	3925
johnsontheliar	 3131144855	431.88	.11	.0002547	1	9	1	3925
boristheliar	 3131144855	431.88	.11	.0002547	1	9	1	3925
corrupttoriesout	 3131144855	431.88	.11	.0002547	1	9	1	3925
toryrussianmoney	 3131144855	287.84	.22	.0007643	2	9	3	3925
domicron	 3246790436	78.50	.10	.0012738	1	10	5	3925
typhoidmorrison	 3246790436	392.61	.10	.0002547	1	10	1	3925
scottythefailure	 3246790436	78.50	.10	.0012738	1	10	5	3925
morrisonfail	 3246790436	56.07	.10	.0017834	1	10	7	3925
auspol	 3246790436	2.13	.10	.0468789	1	10	184	3925
freetherefugees	 3246790436	392.61	.10	.0002547	1	10	1	3925
freethemall	 3246790436	196.27	.10	.0005095	1	10	2	3925
scottythepathologicalliar	 3246790436	56.07	.20	.0035668	2	10	14	3925
scottythepathologicalliar	 3246790436	56.07	.20	.0035668	2	10	14	3925
lemmmmmmrip	 3246790436	32.70	.10	.0030573	1	10	12	3925
honorourrealheroes	 32871086	471.14	.12	.0002547	1	8	1	3925
ripsidneypoitier	 32871086	471.14	.12	.0002547	1	8	1	3925
ripsirsidneypoitier	 32871086	471.14	.12	.0002547	1	8	1	3925
bidendelivers	 32871086	471.14	.12	.0002547	1	8	1	3925
freeshipment	 32871086	471.14	.12	.0002547	1	8	1	3925
firedejoynow	 32871086	471.14	.12	.0002547	1	8	1	3925
mtg	 32871086	117.75	.12	.0010191	1	8	4	3925
boebert	 32871086	471.14	.12	.0002547	1	8	1	3925
auspol	 3288075858	5.33	.25	.0468789	1	4	184	3925
msm	 3288075858	98.12	.25	.0025477	1	4	10	3925
australia	 3288075858	98.12	.25	.0025477	1	4	10	3925
paulkeating	 3288075858	490.67	.25	.0005095	1	4	2	3925
ihaveapreexistingcondition	 3303457302	654.19	.50	.0007643	3	6	3	3925
multiplesclerosis	 3303457302	314.03	.16	.0005095	1	6	2	3925
immunosuppressed	 3303457302	628.19	.16	.0002547	1	6	1	3925
ihaveapreexistingcondition	 3303457302	654.19	.50	.0007643	3	6	3	3925
ihaveapreexistingcondition	 3303457302	654.19	.50	.0007643	3	6	3	3925
maskup	 3303457302	89.71	.16	.0017834	1	6	7	3925
ukraine	 3383159573	4.90	.20	.0407643	1	5	160	3925
brexit	 3383159573	30.19	.20	.0066242	1	5	26	3925
toriesoutnow	 3383159573	392.54	.20	.0005095	1	5	2	3925
strike	 3383159573	196.25	.20	.0010191	1	5	4	3925
lockdown	 3383159573	157.01	.20	.0012738	1	5	5	3925
scottytheliar	 34116377	117.75	.09	.0007643	1	11	3	3925
auspol	 34116377	5.75	.27	.0468789	3	11	184	3925
idontthinkiknow	 34116377	353.35	.09	.0002547	1	11	1	3925
auspol	 34116377	5.75	.27	.0468789	3	11	184	3925
ausvotes	 34116377	21.40	.18	.0084076	2	11	33	3925
franceelections2022	 34116377	353.35	.09	.0002547	1	11	1	3925
fauxmo	 34116377	353.35	.09	.0002547	1	11	1	3925
scottymustgo	 34116377	176.64	.09	.0005095	1	11	2	3925
scomoectomy	 34116377	353.35	.09	.0002547	1	11	1	3925
auspol	 34116377	5.75	.27	.0468789	3	11	184	3925
ausvotes	 34116377	21.40	.18	.0084076	2	11	33	3925
pmqs	 34247411	196.25	.20	.0010191	1	5	4	3925
russiareport	 34247411	261.67	.20	.0007643	1	5	3	3925
borisjohnson	 34247411	98.12	.20	.0020382	1	5	8	3925
ukraine	 34247411	4.90	.20	.0407643	1	5	160	3925
brexit	 34247411	30.19	.20	.0066242	1	5	26	3925
betoforgovernor	 342863309	163.54	.25	.0015286	1	4	6	3925
betofortexas	 342863309	280.36	.50	.0017834	2	4	7	3925
betofortexas	 342863309	280.36	.50	.0017834	2	4	7	3925
hd108	 342863309	981.54	.25	.0002547	1	4	1	3925
fecklesslumpscotty	 3453306553	0	0	.0005095	1	113	2	3925
lnpdisasters	 3453306553	0	0	.0002547	1	113	1	3925
lnpbunglers	 3453306553	0	0	.0002547	1	113	1	3925
australia	 3453306553	0	0	.0025477	1	113	10	3925
auspol	 3453306553	5.54	.26	.0468789	30	113	184	3925
climatecrisis	 3453306553	0	0	.0020382	1	113	8	3925
designmatters	 3453306553	0	0	.0002547	1	113	1	3925
politicaldonations	 3453306553	0	0	.0002547	1	113	1	3925
crookdevelopers	 3453306553	0	0	.0002547	1	113	1	3925
crookedlnp	 3453306553	0	0	.0002547	1	113	1	3925
nswinc	 3453306553	0	0	.0002547	1	113	1	3925
announceables	 3453306553	0	0	.0002547	1	113	1	3925
lnpliars	 3453306553	0	0	.0010191	1	113	4	3925
lnpcorruptionparty	 3453306553	4.36	.02	.0045859	3	113	18	3925
auspol	 3453306553	5.54	.26	.0468789	30	113	184	3925
murdochguttermedia	 3453306553	15.70	.02	.0012738	3	113	5	3925
berejiklian	 3453306553	0	0	.0002547	1	113	1	3925
nswcovid	 3453306553	0	0	.0002547	1	113	1	3925
auspol	 3453306553	5.54	.26	.0468789	30	113	184	3925
fuhrerdutts	 3453306553	0	0	.0002547	1	113	1	3925
election22	 3453306553	19.62	.01	.0005095	2	113	2	3925
annihilatelnp	 3453306553	23.55	.03	.0012738	4	113	5	3925
scottythecompletepsycho	 3453306553	0	0	.0010191	1	113	4	3925
auspol	 3453306553	5.54	.26	.0468789	30	113	184	3925
auspol	 3453306553	5.54	.26	.0468789	30	113	184	3925
scottythepathologicalliar	 3453306553	0	0	.0035668	1	113	14	3925
scottyfrommarketing	 3453306553	0	0	.0012738	1	113	5	3925
60mins	 3453306553	0	0	.0002547	1	113	1	3925
jennyfromqanon	 3453306553	0	0	.0002547	1	113	1	3925
60minutes	 3453306553	0	0	.0002547	1	113	1	3925
auspol	 3453306553	5.54	.26	.0468789	30	113	184	3925
auspol	 3453306553	5.54	.26	.0468789	30	113	184	3925
ffffffhead	 3453306553	0	0	.0012738	1	113	5	3925
auspol	 3453306553	5.54	.26	.0468789	30	113	184	3925
scottmorrison	 3453306553	0	0	.0005095	1	113	2	3925
scottyfromphotoops	 3453306553	13.08	.02	.0015286	3	113	6	3925
gerryharvey	 3453306553	0	0	.0005095	1	113	2	3925
albo4pm	 3453306553	0	0	.0015286	1	113	6	3925
auspol2022	 3453306553	0	0	.0017834	1	113	7	3925
murdoch	 3453306553	9.81	.03	.0030573	4	113	12	3925
morrisonfail	 3453306553	5.60	.01	.0017834	2	113	7	3925
morrisonfailure	 3453306553	0	0	.0010191	1	113	4	3925
crumbmaiden	 3453306553	0	0	.0005095	1	113	2	3925
ubi	 3453306553	13.08	.02	.0015286	3	113	6	3925
auspol	 3453306553	5.54	.26	.0468789	30	113	184	3925
ubi	 3453306553	13.08	.02	.0015286	3	113	6	3925
auspol	 3453306553	5.54	.26	.0468789	30	113	184	3925
auspol	 3453306553	5.54	.26	.0468789	30	113	184	3925
ubi	 3453306553	13.08	.02	.0015286	3	113	6	3925
auspol	 3453306553	5.54	.26	.0468789	30	113	184	3925
auspol	 3453306553	5.54	.26	.0468789	30	113	184	3925
auspol	 3453306553	5.54	.26	.0468789	30	113	184	3925
bnefloods	 3453306553	0	0	.0002547	1	113	1	3925
dutton	 3453306553	0	0	.0005095	1	113	2	3925
lnpdystopianhellscape	 3453306553	0	0	.0002547	1	113	1	3925
auspol	 3453306553	5.54	.26	.0468789	30	113	184	3925
lnpfail	 3453306553	0	0	.0017834	1	113	7	3925
annihilatelnp	 3453306553	23.55	.03	.0012738	4	113	5	3925
votelnplast	 3453306553	0	0	.0005095	1	113	2	3925
election2022	 3453306553	0	0	.0010191	1	113	4	3925
auspolsocorrupt	 3453306553	7.85	.01	.0012738	2	113	5	3925
forgery	 3453306553	0	0	.0002547	1	113	1	3925
lnpcabinet	 3453306553	0	0	.0002547	1	113	1	3925
angusgate	 3453306553	0	0	.0002547	1	113	1	3925
lnpbingochart	 3453306553	0	0	.0002547	1	113	1	3925
auspolsocorrupt	 3453306553	7.85	.01	.0012738	2	113	5	3925
election22	 3453306553	19.62	.01	.0005095	2	113	2	3925
annihilatelnpcrooks	 3453306553	0	0	.0002547	1	113	1	3925
auspol	 3453306553	5.54	.26	.0468789	30	113	184	3925
lnpcorruptionparty	 3453306553	4.36	.02	.0045859	3	113	18	3925
neocon	 3453306553	0	0	.0002547	1	113	1	3925
lnpmaladministration	 3453306553	0	0	.0002547	1	113	1	3925
auspol	 3453306553	5.54	.26	.0468789	30	113	184	3925
fedicac	 3453306553	9.81	.01	.0010191	2	113	4	3925
thisisnotjournalism	 3453306553	0	0	.0012738	1	113	5	3925
notjournalism	 3453306553	6.54	.01	.0015286	2	113	6	3925
newscorpse	 3453306553	0	0	.0005095	1	113	2	3925
dobetterabc	 3453306553	0	0	.0002547	1	113	1	3925
lnp	 3453306553	8.01	.20	.0249681	23	113	98	3925
auspol	 3453306553	5.54	.26	.0468789	30	113	184	3925
stewardshipnot	 3453306553	0	0	.0002547	1	113	1	3925
auspol	 3453306553	5.54	.26	.0468789	30	113	184	3925
murdochguttermedia	 3453306553	15.70	.02	.0012738	3	113	5	3925
lnpcrimefamily	 3453306553	0	0	.0017834	1	113	7	3925
auspol	 3453306553	5.54	.26	.0468789	30	113	184	3925
fedicac	 3453306553	9.81	.01	.0010191	2	113	4	3925
climateemergency	 3453306553	0	0	.0010191	1	113	4	3925
annihilatelnp	 3453306553	23.55	.03	.0012738	4	113	5	3925
auspol	 3453306553	5.54	.26	.0468789	30	113	184	3925
lnp	 3453306553	8.01	.20	.0249681	23	113	98	3925
alp	 3453306553	0	0	.0010191	1	113	4	3925
auspol	 3453306553	5.54	.26	.0468789	30	113	184	3925
ausvotes2022	 3453306553	3.27	.01	.0030573	2	113	12	3925
lnpdisgrace	 3453306553	0	0	.0025477	1	113	10	3925
putlnplast	 3453306553	0	0	.0012738	1	113	5	3925
murdochguttermedia	 3453306553	15.70	.02	.0012738	3	113	5	3925
scottyfromphotoops	 3453306553	13.08	.02	.0015286	3	113	6	3925
auspol	 3453306553	5.54	.26	.0468789	30	113	184	3925
ausvotes	 3453306553	2.37	.02	.0084076	3	113	33	3925
scottyfromphotoops	 3453306553	13.08	.02	.0015286	3	113	6	3925
auspol	 3453306553	5.54	.26	.0468789	30	113	184	3925
ausvotes2022	 3453306553	3.27	.01	.0030573	2	113	12	3925
leadersdebate	 3453306553	0	0	.0002547	1	113	1	3925
auspol	 3453306553	5.54	.26	.0468789	30	113	184	3925
water	 3453306553	0	0	.0010191	1	113	4	3925
lnpcorruption	 3453306553	5.88	.03	.0050955	4	113	20	3925
worsegovtever	 3453306553	0	0	.0002547	1	113	1	3925
auspol	 3453306553	5.54	.26	.0468789	30	113	184	3925
lnpcorruptionparty	 3453306553	4.36	.02	.0045859	3	113	18	3925
auspol	 3453306553	5.54	.26	.0468789	30	113	184	3925
mediabias	 3453306553	0	0	.0002547	1	113	1	3925
mediaamnesia	 3453306553	0	0	.0002547	1	113	1	3925
mediaoligarchsout	 3453306553	0	0	.0002547	1	113	1	3925
dowehaveaproblem	 35787166	431.76	.33	.0007643	1	3	3	3925
bussin	 35787166	1295.64	.33	.0002547	1	3	1	3925
blickblick	 35787166	1295.64	.33	.0002547	1	3	1	3925
johnsonout27	 368240745	490.67	.25	.0005095	1	4	2	3925
sackborisjohnson	 368240745	981.54	.25	.0002547	1	4	1	3925
standwithukraine	 368240745	17.52	.25	.0142675	1	4	56	3925
ukrainecrisis	 368240745	981.54	.25	.0002547	1	4	1	3925
wetvxohmfluke	 4118285112	392.52	.50	.0012738	2	4	5	3925
wetvxohmfluke	 4118285112	392.52	.50	.0012738	2	4	5	3925
609bedtimestory	 4118285112	490.62	.50	.0010191	2	4	4	3925
609bedtimestory	 4118285112	490.62	.50	.0010191	2	4	4	3925
petrolheads	 41438148	628.19	.16	.0002547	1	6	1	3925
fillupfriday	 41438148	392.52	.50	.0012738	3	6	5	3925
tailpipetuesday	 41438148	628.19	.16	.0002547	1	6	1	3925
fillupfriday	 41438148	392.52	.50	.0012738	3	6	5	3925
anexprience	 41438148	628.19	.16	.0002547	1	6	1	3925
fillupfriday	 41438148	392.52	.50	.0012738	3	6	5	3925
nowarwithrussia	 45379403	58.87	.06	.0010191	1	16	4	3925
nowar	 45379403	52.33	.12	.0022929	2	16	9	3925
costoflivingcrisis	 45379403	78.50	.06	.0007643	1	16	3	3925
hitler	 45379403	117.76	.06	.0005095	1	16	2	3925
bolshevik	 45379403	235.57	.06	.0002547	1	16	1	3925
sovietunion	 45379403	235.57	.06	.0002547	1	16	1	3925
netanyahu	 45379403	235.57	.06	.0002547	1	16	1	3925
hamas	 45379403	235.57	.06	.0002547	1	16	1	3925
gaza	 45379403	235.57	.06	.0002547	1	16	1	3925
humanshields	 45379403	235.57	.06	.0002547	1	16	1	3925
azovbatallion	 45379403	235.57	.06	.0002547	1	16	1	3925
azovnazis	 45379403	235.57	.06	.0002547	1	16	1	3925
russia	 45379403	5.96	.12	.0201273	2	16	79	3925
covid19	 45379403	3.01	.06	.0198726	1	16	78	3925
lockdown	 45379403	47.10	.06	.0012738	1	16	5	3925
saynotowar	 45379403	117.76	.06	.0005095	1	16	2	3925
merrickgarland	 467726691	125.60	.16	.0012738	1	6	5	3925
realitywinner	 467726691	125.60	.16	.0012738	1	6	5	3925
covid	 467726691	2.38	.16	.0670063	1	6	263	3925
trumpisguilty	 467726691	314.03	.16	.0005095	1	6	2	3925
expandthecourt	 467726691	209.34	.16	.0007643	1	6	3	3925
firegarland	 467726691	628.19	.16	.0002547	1	6	1	3925
lnpdeathcult	 48624704	26.16	.04	.0015286	1	24	6	3925
auspol2022	 48624704	22.42	.04	.0017834	1	24	7	3925
auspol	 48624704	3.41	.16	.0468789	4	24	184	3925
covid19aus	 48624704	39.25	.04	.0010191	1	24	4	3925
union	 48624704	39.25	.04	.0010191	1	24	4	3925
lnpdisgrace	 48624704	15.70	.04	.0025477	1	24	10	3925
auspol	 48624704	3.41	.16	.0468789	4	24	184	3925
actu	 48624704	78.50	.04	.0005095	1	24	2	3925
covid	 48624704	1.79	.12	.0670063	3	24	263	3925
scottydoesnothing	 48624704	52.33	.04	.0007643	1	24	3	3925
australiahasfallen	 48624704	157.04	.04	.0002547	1	24	1	3925
freerats	 48624704	78.50	.04	.0005095	1	24	2	3925
freen95	 48624704	157.04	.04	.0002547	1	24	1	3925
scottydoesntgivearats	 48624704	52.33	.04	.0007643	1	24	3	3925
thedrum	 48624704	78.50	.04	.0005095	1	24	2	3925
theprojecttv	 48624704	39.25	.04	.0010191	1	24	4	3925
today	 48624704	31.40	.04	.0012738	1	24	5	3925
sunrise	 48624704	157.04	.04	.0002547	1	24	1	3925
calltheelection	 48624704	52.33	.04	.0007643	1	24	3	3925
covid	 48624704	1.79	.12	.0670063	3	24	263	3925
lnpscarecampaign	 48624704	157.04	.04	.0002547	1	24	1	3925
ndis	 48624704	31.40	.04	.0012738	1	24	5	3925
auspol	 48624704	3.41	.16	.0468789	4	24	184	3925
alboforpm	 48624704	3.34	.04	.0119745	1	24	47	3925
introductionloveat9	 490002009	490.67	.25	.0005095	1	4	2	3925
ohmfluke3rdfallingforyou	 490002009	490.67	.25	.0005095	1	4	2	3925
500kwithnatouch	 490002009	981.35	.50	.0005095	2	4	2	3925
500kwithnatouch	 490002009	981.35	.50	.0005095	2	4	2	3925
scottythefailure	 58974496	157.01	.20	.0012738	1	5	5	3925
friendlyjordies	 58974496	785.23	.20	.0002547	1	5	1	3925
science	 58974496	157.01	.20	.0012738	1	5	5	3925
ethics	 58974496	392.54	.20	.0005095	1	5	2	3925
engineering	 58974496	785.23	.20	.0002547	1	5	1	3925
n95sforall	 605153786	981.54	.25	.0002547	1	4	1	3925
longcovid	 605153786	22.30	.50	.0224203	2	4	88	3925
longcovid	 605153786	22.30	.50	.0224203	2	4	88	3925
noleana	 605153786	981.54	.25	.0002547	1	4	1	3925
resign	 63942152	42.81	.12	.0028025	1	8	11	3925
callanelection	 63942152	471.14	.12	.0002547	1	8	1	3925
votejoshout	 63942152	163.54	.25	.0015286	2	8	6	3925
ticktockjosh	 63942152	471.14	.12	.0002547	1	8	1	3925
votejoshout	 63942152	163.54	.25	.0015286	2	8	6	3925
kooyongvotes	 63942152	117.75	.12	.0010191	1	8	4	3925
worldsworsttreasuer	 63942152	471.14	.12	.0002547	1	8	1	3925
auspol	 63942152	2.55	.12	.0468789	1	8	184	3925
freenazanin	 65357102	392.50	.40	.0010191	2	5	4	3925
freenazaninnow	 65357102	785.23	.20	.0002547	1	5	1	3925
russiareport	 65357102	261.67	.20	.0007643	1	5	3	3925
ditchtheprotocol	 65357102	785.23	.20	.0002547	1	5	1	3925
ukraine️	 65357102	87.22	.20	.0022929	1	5	9	3925
auspol	 66917778	15.99	.75	.0468789	3	4	184	3925
robodebt	 66917778	327.09	.25	.0007643	1	4	3	3925
auspol	 66917778	15.99	.75	.0468789	3	4	184	3925
auspol	 66917778	15.99	.75	.0468789	3	4	184	3925
corrupt	 707967655031005186	20.02	.25	.0124840	1	4	49	3925
dontlookup	 707967655031005186	490.67	.25	.0005095	1	4	2	3925
extinctionrebellion	 707967655031005186	981.54	.25	.0002547	1	4	1	3925
justtransition	 707967655031005186	981.54	.25	.0002547	1	4	1	3925
johnsonout42	 711608180535640064	785.23	.20	.0002547	1	5	1	3925
suegray	 711608180535640064	261.67	.20	.0007643	1	5	3	3925
partygate	 711608180535640064	46.17	.20	.0043312	1	5	17	3925
suegrey	 711608180535640064	785.23	.20	.0002547	1	5	1	3925
johnsonout43	 711608180535640064	130.83	.20	.0015286	1	5	6	3925
partyofputin	 713752653289955329	1295.64	.33	.0002547	1	3	1	3925
perjurytaylorgreene	 713752653289955329	1295.38	.66	.0005095	2	3	2	3925
perjurytaylorgreene	 713752653289955329	1295.38	.66	.0005095	2	3	2	3925
nhs	 722242009	33.21	.11	.0033121	1	9	13	3925
brexit	 722242009	33.21	.22	.0066242	2	9	26	3925
brexit	 722242009	33.21	.22	.0066242	2	9	26	3925
truth	 722242009	28.78	.11	.0038216	1	9	15	3925
johnsonout52	 722242009	431.88	.11	.0002547	1	9	1	3925
toriesinputinspocket	 722242009	431.88	.11	.0002547	1	9	1	3925
toriesout	 722242009	43.17	.11	.0025477	1	9	10	3925
russiawarcrimes	 722242009	431.88	.11	.0002547	1	9	1	3925
oligarchs	 722242009	86.35	.11	.0012738	1	9	5	3925
vitt	 728273994	329.72	.42	.0012738	3	7	5	3925
veryconfused	 728273994	549.66	.14	.0002547	1	7	1	3925
standtogether	 728273994	549.66	.14	.0002547	1	7	1	3925
rare	 728273994	549.66	.14	.0002547	1	7	1	3925
nhsheroes	 728273994	549.66	.14	.0002547	1	7	1	3925
vitt	 728273994	329.72	.42	.0012738	3	7	5	3925
vitt	 728273994	329.72	.42	.0012738	3	7	5	3925
ukrainerefugees	 7587032	549.66	.14	.0002547	1	7	1	3925
sayknowtodroz	 7587032	549.66	.14	.0002547	1	7	1	3925
pa	 7587032	8.86	.28	.0315923	2	7	124	3925
ag	 7587032	11.44	.14	.0122292	1	7	48	3925
pa	 7587032	8.86	.28	.0315923	2	7	124	3925
oz	 7587032	219.81	.28	.0012738	2	7	5	3925
emeraldcity	 7587032	549.66	.14	.0002547	1	7	1	3925
jobseeker	 76842602	471.14	.12	.0002547	1	8	1	3925
agedcare	 76842602	94.20	.12	.0012738	1	8	5	3925
npc	 76842602	14.71	.12	.0081528	1	8	32	3925
auspol	 76842602	5.33	.25	.0468789	2	8	184	3925
auspol	 76842602	5.33	.25	.0468789	2	8	184	3925
scottmorrison	 76842602	235.52	.12	.0005095	1	8	2	3925
alexhawke	 76842602	471.14	.12	.0002547	1	8	1	3925
libspill	 76842602	471.14	.12	.0002547	1	8	1	3925
alboforpm	 793331593	13.36	.16	.0119745	1	6	47	3925
votejoshout	 793331593	104.67	.16	.0015286	1	6	6	3925
kooyongvotes	 793331593	157.00	.16	.0010191	1	6	4	3925
kooyong	 793331593	218.06	.50	.0022929	3	6	9	3925
lnpcorruptionparty	 793331593	34.88	.16	.0045859	1	6	18	3925
mon4kooyong	 793331593	628.19	.16	.0002547	1	6	1	3925
indue	 795857631571156992	125.60	.16	.0012738	1	6	5	3925
lnp	 795857631571156992	6.40	.16	.0249681	1	6	98	3925
cashlesswelfarecard	 795857631571156992	314.03	.16	.0005095	1	6	2	3925
auspol	 795857631571156992	3.41	.16	.0468789	1	6	184	3925
ausvotes2022	 795857631571156992	52.33	.16	.0030573	1	6	12	3925
ausvotes	 795857631571156992	39.25	.33	.0084076	2	6	33	3925
thereishope	 798953701972938752	549.66	.14	.0002547	1	7	1	3925
votebluetosaveamerica	 798953701972938752	68.68	.14	.0020382	1	7	8	3925
beaheroforvotingrights	 798953701972938752	366.34	.28	.0007643	2	7	3	3925
votersuppression	 798953701972938752	549.66	.14	.0002547	1	7	1	3925
beaheroforvotingrights	 798953701972938752	366.34	.28	.0007643	2	7	3	3925
onev1	 798953701972938752	137.37	.14	.0010191	1	7	4	3925
demcasttx	 798953701972938752	549.66	.14	.0002547	1	7	1	3925
goptraitorstodemocracy	 843433646962999296	785.23	.20	.0002547	1	5	1	3925
tuckercarlsonrussianrrrrrret	 843433646962999296	785.23	.20	.0002547	1	5	1	3925
demvoice1	 843433646962999296	130.83	.40	.0030573	2	5	12	3925
gop	 843433646962999296	62.80	.40	.0063694	2	5	25	3925
demvoice1	 843433646962999296	130.83	.40	.0030573	2	5	12	3925
longcovid	 86626845	8.02	.18	.0224203	2	11	88	3925
covid19	 86626845	22.64	.45	.0198726	5	11	78	3925
covid19	 86626845	22.64	.45	.0198726	5	11	78	3925
covid19	 86626845	22.64	.45	.0198726	5	11	78	3925
influenza	 86626845	353.35	.09	.0002547	1	11	1	3925
covid19	 86626845	22.64	.45	.0198726	5	11	78	3925
mecfs	 86626845	50.46	.09	.0017834	1	11	7	3925
longcovid	 86626845	8.02	.18	.0224203	2	11	88	3925
covid19	 86626845	22.64	.45	.0198726	5	11	78	3925
covidisnotover	 86626845	14.71	.09	.0061146	1	11	24	3925
covid	 86626845	12.08	.81	.0670063	9	11	263	3925
goldsteinvotes	 870629200348274688	235.52	.12	.0005095	1	8	2	3925
joshiefromaccounts	 870629200348274688	471.14	.12	.0002547	1	8	1	3925
auspol	 870629200348274688	5.33	.25	.0468789	2	8	184	3925
kooyongcrook	 870629200348274688	471.14	.12	.0002547	1	8	1	3925
kooyong	 870629200348274688	109.03	.25	.0022929	2	8	9	3925
treasurer	 870629200348274688	471.14	.12	.0002547	1	8	1	3925
murdoch	 870629200348274688	39.25	.12	.0030573	1	8	12	3925
auspol	 870629200348274688	5.33	.25	.0468789	2	8	184	3925
gopseditioustraitors	 878284831	431.88	.11	.0002547	1	9	1	3925
takeoutsinema	 878284831	431.88	.11	.0002547	1	9	1	3925
nomoresin	 878284831	431.88	.11	.0002547	1	9	1	3925
boycottwalgreens	 878284831	215.89	.11	.0005095	1	9	2	3925
putin	 878284831	8.63	.11	.0127388	1	9	50	3925
istandwithukriane	 878284831	143.92	.11	.0007643	1	9	3	3925
candyno	 878284831	431.88	.11	.0002547	1	9	1	3925
istandwithukraine	 878284831	28.78	.11	.0038216	1	9	15	3925
goptherussianpartyoftraitors	 878284831	215.89	.11	.0005095	1	9	2	3925
votebluein2022	 879147821915615233	61.05	.14	.0022929	1	7	9	3925
trumpcoupattempt	 879147821915615233	183.17	.14	.0007643	1	7	3	3925
maliciousdisinformationcampaigns	 879147821915615233	549.66	.14	.0002547	1	7	1	3925
mdc	 879147821915615233	549.66	.14	.0002547	1	7	1	3925
trumpcult	 879147821915615233	549.66	.14	.0002547	1	7	1	3925
trumprally	 879147821915615233	183.17	.14	.0007643	1	7	3	3925
grifter	 879147821915615233	549.66	.14	.0002547	1	7	1	3925
tfg	 926164634570067968	196.26	.25	.0012738	2	8	5	3925
january6thinsurrection	 926164634570067968	235.52	.12	.0005095	1	8	2	3925
dfg	 926164634570067968	471.14	.12	.0002547	1	8	1	3925
biggestloser	 926164634570067968	471.14	.12	.0002547	1	8	1	3925
tfg	 926164634570067968	196.26	.25	.0012738	2	8	5	3925
putinspuppet	 926164634570067968	117.75	.12	.0010191	1	8	4	3925
realitywinner	 926164634570067968	94.20	.12	.0012738	1	8	5	3925
goptreason	 926164634570067968	471.14	.12	.0002547	1	8	1	3925
horriblehorribleperson	 92932981	392.61	.10	.0002547	1	10	1	3925
libertarian	 92932981	392.61	.10	.0002547	1	10	1	3925
freedumbery	 92932981	392.61	.10	.0002547	1	10	1	3925
auspol	 92932981	6.39	.30	.0468789	3	10	184	3925
covid19	 92932981	5.03	.10	.0198726	1	10	78	3925
clivepalmer	 92932981	392.61	.10	.0002547	1	10	1	3925
scotttheliar	 92932981	392.61	.10	.0002547	1	10	1	3925
auspol	 92932981	6.39	.30	.0468789	3	10	184	3925
auspol	 92932981	6.39	.30	.0468789	3	10	184	3925
ausvotes	 92932981	11.89	.10	.0084076	1	10	33	3925
mcqueenmonday	 938494109844729856	431.88	.11	.0002547	1	9	1	3925
throwbackthursday	 938494109844729856	215.89	.11	.0005095	1	9	2	3925
flashbackfriday	 938494109844729856	431.79	.22	.0005095	2	9	2	3925
ago	 938494109844729856	107.93	.11	.0010191	1	9	4	3925
anexprience	 938494109844729856	431.88	.11	.0002547	1	9	1	3925
jimclark	 938494109844729856	431.88	.11	.0002547	1	9	1	3925
valeriethompson	 938494109844729856	431.88	.11	.0002547	1	9	1	3925
caturday	 938494109844729856	215.89	.11	.0005095	1	9	2	3925
flashbackfriday	 938494109844729856	431.79	.22	.0005095	2	9	2	3925
johnsonout26	 93880122	392.54	.20	.0005095	1	5	2	3925
wokingham	 93880122	785.23	.20	.0002547	1	5	1	3925
berkshire	 93880122	785.23	.20	.0002547	1	5	1	3925
costoflivingcrisis	 93880122	261.67	.20	.0007643	1	5	3	3925
brexithasfailed	 93880122	261.67	.20	.0007643	1	5	3	3925
firedesantis2022	 950563187296030721	628.19	.16	.0002547	1	6	1	3925
floridataxpayers	 950563187296030721	628.19	.16	.0002547	1	6	1	3925
desantis	 950563187296030721	490.62	.50	.0010191	3	6	4	3925
florida	 950563187296030721	215.88	.33	.0015286	2	6	6	3925
regeneron	 950563187296030721	628.19	.16	.0002547	1	6	1	3925
dictatordesantis	 950563187296030721	628.19	.16	.0002547	1	6	1	3925
lnpcorruptionparty	 95091601	13.08	.06	.0045859	1	16	18	3925
scottythefailure	 95091601	47.10	.06	.0012738	1	16	5	3925
votejoshout	 95091601	39.25	.06	.0015286	1	16	6	3925
auspoll	 95091601	58.87	.06	.0010191	1	16	4	3925
insiders	 95091601	15.70	.06	.0038216	1	16	15	3925
hailtothechief	 95091601	235.57	.06	.0002547	1	16	1	3925
agedcare	 95091601	47.10	.06	.0012738	1	16	5	3925
covid19au	 95091601	47.10	.06	.0012738	1	16	5	3925
auspol	 95091601	5.33	.25	.0468789	4	16	184	3925
ausvotes	 95091601	7.13	.06	.0084076	1	16	33	3925
auspol	 95091601	5.33	.25	.0468789	4	16	184	3925
comparethepair	 95091601	235.57	.06	.0002547	1	16	1	3925
auspoi	 95091601	78.50	.06	.0007643	1	16	3	3925
abcbias	 95091601	117.76	.06	.0005095	1	16	2	3925
lnp	 95091601	4.80	.12	.0249681	2	16	98	3925
auspol	 95091601	5.33	.25	.0468789	4	16	184	3925
mediapropaganda	 9609622	628.19	.16	.0002547	1	6	1	3925
mediareforms	 9609622	628.19	.16	.0002547	1	6	1	3925
wapol	 9609622	314.03	.16	.0005095	1	6	2	3925
albo4pm	 9609622	104.67	.16	.0015286	1	6	6	3925
auspol	 9609622	3.41	.16	.0468789	1	6	184	3925
ausvotes2022	 9609622	52.33	.16	.0030573	1	6	12	3925
ableg	 977204844	49.06	.25	.0050955	1	4	20	3925
bc	 977204844	12.26	.25	.0203821	1	4	80	3925
covid19ab	 977204844	327.09	.25	.0007643	1	4	3	3925
covid	 977204844	7.46	.50	.0670063	2	4	263	3925
